firm_name,mcca_score
Sanate Lim Law,0.18522060965187848
Nomin King PC,0.34286904288455844
Halie Bolden Law,0.29979997454211116
Jennifer Levesque LLP,0.30710075492970645
Kendall Delgado Torres LLP,0.5035202375147492
Aatifa al-Husain LLP,0.30783973331563175
Almaasa al-Jabbour PC,0.6999733278062195
Terell Russell PC,0.07782538421452045
Janice Laner PC,0.778856142424047
Julio Suazo PC,0.23535302001982927
Zainab al-Barakat Law,0.18121390044689178
Noel Fermin Law,0.010718102566897869
Ammaar al-Gad Law,0.9467588460538536
Madhurima Phan LLP,0.01634497637860477
Calvin Edmondson PC,0.024977150838822126
Ryan Chinchilla-Benavides PC,0.4863983220420778
Rajon Allen PC,0.39325204980559647
Natasha Brattin LLP,0.18781910580582917
Miles Nguyen Law,0.5854774117469788
Josiah Venable Law,0.3061324995942414
Nariah Hyden-Terry Law,0.7808907118160278
Wesley Watson Law,0.04210460954345763
Rio Cardoza LLP,0.8840605483856052
Antonio Vigil LLP,0.6189584515523165
Sierra Ward LLP,0.39374993345700204
Haajira Holland PC,0.9415723157580942
James Grayson LLP,0.08118570502847433
Megan Hansen Law,0.1579767398070544
Jaadallah el-Ullah PC,0.9635228093247861
Kiley Weinstein PC,0.4879091673064977
Naaila el-Doud Law,0.8738107949029654
Carly Phipps LLP,0.8700560485012829
Bryan Maldonado PC,0.945906697306782
Neelish Cannon-Wright LLP,0.24953606515191495
Brandi Tsosie PC,0.9897125789429992
Uwais el-Emami PC,0.10864065494388342
Lorena Gonzalez Law,0.5573760031256825
Sabrina Christopher Law,0.6504426556639373
James Vongphackdy Law,0.3108442386146635
Diamond Chawla LLP,0.3328564453404397
Alana Slovonsky Law,0.718894301680848
Matthew Le Beau PC,0.4118257015943527
Anne Guo LLP,0.4934364289510995
Haitham al-Khalaf LLP,0.12417508172802627
Jasmine Geberkidane Law,0.934960771817714
Haani el-Mona PC,0.5822809420060366
Sarah Thang PC,0.24128768406808376
Noel Coblentz PC,0.48370427428744733
Kameron Westbrook PC,0.7508639497682452
Saalim al-Raad Law,0.8295789319090545
Jaylen Babbs PC,0.30628400947898626
Selena Nahuat-Hau LLP,0.2439252734184265
Ashley Edgar PC,0.5720129522960633
Dejalie Garcia PC,0.20695456466637552
Amber Yazzie PC,0.4682229964528233
Nafeesa al-Saba PC,0.7477821563370526
Sarah Burton Law,0.304547832114622
Miriam Tiley Law,0.9967500194907188
Michael Lan LLP,0.9702742672525346
Muneef al-Mansouri LLP,0.7722643113229424
Sandora Adams Law,0.5291673562023789
Cheyenne Hand PC,0.7592595806345344
Wadee'a al-Habibi Law,0.9347614201251417
Desiree Harmon Law,0.6706487883348018
Jason Krien Law,0.37684998055920005
Jairo Mata LLP,0.4172775025945157
Luis Resendes PC,0.4340159490238875
Kaylene Selvage PC,0.6645280534867197
Xavier Favela LLP,0.14766521588899195
Jesus Gutierrez Law,0.9887911747209728
Marshall Vaile Law,0.5674071402754635
Fawzi al-Farra PC,0.7580990882124752
Karly Coleman LLP,0.7908301395364106
Tucker Pacheco Law,0.4905476451385766
Robert Lemus LLP,0.10703932982869446
Richard Nelson Law,0.6885042241774499
Charles Cunningham PC,0.9159377194009721
Danielle Hatton LLP,0.5021589661482722
Fawwaaz al-Hassen Law,0.28429048601537943
Shelby Dabit PC,0.7524832792114466
K'Lyn Lipps PC,0.8364259293302894
Aldo Rayos PC,0.8501513185910881
Jaqueila Smith Law,0.10840340191498399
Gerald Mondragon LLP,0.031517876544967294
Kayla Chu LLP,0.1442864288110286
Lutfiyya al-Can LLP,0.8787711877375841
Tyler Skrivan LLP,0.6185931519139558
Seth Denning Law,0.7006818882655352
Nicholas Long PC,0.3052384788170457
Casey Farrer PC,0.3446503768209368
Aaron Gutierrez LLP,0.09284880547784269
Vincent Phillips IV LLP,0.2586191224399954
Kristina Dickinson PC,0.17598256981000304
John Dolcefino Law,0.35948584019206464
Jasphine Collins PC,0.12379628513008356
Heather Rosser Law,0.27123652840964496
Lakota Gallegos LLP,0.5365949699189514
Billye Henry LLP,0.9019911463838071
Alice Nguyen PC,0.8917538784444332
Emma Martin PC,0.8224376870784909
Raelina Longoria PC,0.4903347045183182
Stephani O'Dell PC,0.7241872630547732
Abdur Raqeeb al-Shaheed LLP,0.1581141094211489
Tong Brunswig Law,0.8577388285193592
Isaac Noland LLP,0.4210488321259618
Alyssa Larson PC,0.031527879647910595
Carlos Viramontes PC,0.8347384815569967
Jaabir el-Abdelrahman Law,0.7246844158507884
Elijah Marstrand PC,0.009852084098383784
Sara Harvey LLP,0.5725976440589875
Miranda Gasca PC,0.8467340376228094
Joseph Mcgee PC,0.20247768959961832
Dixa Lai LLP,0.9065533122047782
Laura Harris Law,0.4522766296286136
Mudrik al-Wahba PC,0.9625281440094113
Tyrone Gilmore PC,0.4296732123475522
Alexis Olaka Law,0.4346179533749819
Nasreen al-Husain PC,0.7153389588929713
Yekalo Williams-Balthazor PC,0.5360663228202611
Shaheila Winter LLP,0.42920004040934145
Esmeralda Davila PC,0.5077667916193604
Taqi el-Zaki PC,0.2650447229389101
Tyler Green PC,0.39123487123288214
Jackson Birdsong PC,0.13401858671568334
Thaaqib el-Soliman PC,0.19829883845523
Nathaniel Herrera LLP,0.4010106816422194
Tiffany Dizon Law,0.6351596915628761
Selena Donis LLP,0.7377847854513675
Courtney Moore PC,0.09298787172883749
Tenzin Tran Law,0.5741201629862189
Amanda Fraley PC,0.9531566486693919
Carl Huitt Law,0.648369119502604
Joshua Walker LLP,0.1779637960717082
Trent Barclay PC,0.8884064375888556
Weston Oliver PC,0.7078245563898236
Shanel Gonzalez Law,0.6781021975912154
Orville Norman PC,0.2536594469565898
Jelani Wang LLP,0.7143628569319844
Carlos Hernandez PC,0.7742923980113119
Stephanye Tabares LLP,0.774982513859868
Muneeb el-Farrah PC,0.6803417098708451
Daniyal Ignacio PC,0.45864191884174943
Hibbaan al-Kazmi LLP,0.10962328407913446
Sarah Lone PC,0.7210641391575336
Kawkab el-Mansouri PC,0.38253730349242687
Hayden Largo Law,0.6741602434776723
Samantha Goubert LLP,0.1363286580890417
Ryan Schlegel LLP,0.46037355437874794
Joel Rayos PC,0.9149891659617424
Jameela al-Hariri PC,0.8940322685521096
Kurtis Karber PC,0.49893796746619046
Danielle Stiner Law,0.4970058894250542
Josie Cotter PC,0.9459746496286243
Madison Shaw LLP,0.16660696384496987
Kandace Luckett PC,0.4723521200940013
Raaniya el-Sadek PC,0.01998143969103694
Saabira el-Haider LLP,0.023969567148014903
Savon Jacket Law,0.06447845185175538
Mark Nguyen Law,0.9669133429415524
Zachary Comer PC,0.4017439419403672
Itzel Rascon PC,0.9439880969002843
Zvi Huitt PC,0.7398165478371084
Juliann Montez LLP,0.17789627006277442
Joseph Mandell LLP,0.5367376944050193
Calvin Fields LLP,0.512901728739962
Ajem Applewhite PC,0.09132769610732794
Michael Hintz Law,0.6478277419228107
Kara Barela LLP,0.11971215158700943
Nadia Sakamoto PC,0.9830692477989942
Suwailim al-Musa Law,0.5242144733201712
Benny Tan PC,0.8731226560194045
Jeremy Walker PC,0.6189601796213537
Qais el-Sarwar PC,0.14148916210979223
Domingo Garcia LLP,0.14129829802550375
Christina Berry PC,0.3343740103300661
Andrew Ochoa Terrazas PC,0.44363698130473495
Andrew Esquivel-Tiscareno PC,0.3422367612365633
Taku Rivera Law,0.9578655746299773
Cheyenne Turner Law,0.8934283861890435
Emilee Jiricek LLP,0.10234509641304612
Shaafi al-Hana LLP,0.9212802953552455
Demi Kang Law,0.8491588695906103
Christina Scott Law,0.6008831432554871
Andre Gomez Law,0.44657975900918245
Sadoon al-Farha LLP,0.36607688339427114
Adam Beamish PC,0.788716570707038
Aabid el-Iqbal Law,0.694140080595389
Shakeel el-Iman PC,0.05708270100876689
Jacqueline Leon Law,0.5298334434628487
Britney Hussein Law,0.39228560449555516
Salma el-Ebrahimi LLP,0.6601620668079704
Renita Perry LLP,0.6416568756103516
Gerome Connelly LLP,0.9891439040657133
Yhanique Jones LLP,0.4410482950042933
Destiny Parmiter LLP,0.4001086780335754
Quincy Harris PC,0.21896146843209863
Melissa King PC,0.786965542472899
Gaston Athwal PC,0.13070006156340241
Karissa Abramajtis LLP,0.26510069868527353
Mahdi al-Gad Law,0.9249377243686467
Natalie Porter LLP,0.2069206323940307
Bishal Miller PC,0.011217221384868026
Marisa Ketchum LLP,0.22211277415044606
Rose Ward PC,0.37633335567079484
Victoria Lehi PC,0.7999042617157102
Himma al-Salam Law,0.4274787693284452
Adrianna Hall-Esparza Law,0.5542567146476358
Alex Yang Law,0.5894285982940346
Matti Julious Law,0.6043011310975999
Jawaun Smith PC,0.7633076757192612
Thomas Berndsen Law,0.6952257088851184
Victoria Naito LLP,0.45997031196020544
Kyla Edmond PC,0.5397019106894732
Jose Martinez PC,0.2591011952608824
Vashon Lawson PC,0.20939668384380639
Yaasmeena el-Idris PC,0.7820403932128102
Ghazaala al-Azad PC,0.7753876340575516
Austin Briones LLP,0.14183993474580348
Seth Chan LLP,0.7482118813786656
Naqiyya al-Naqvi Law,0.9332487811334431
Tiana Calloway Law,0.16689257533289492
Faatin el-Abdullah Law,0.9166871053166687
Abdelrahim Powell LLP,0.44303726009093225
Damon Gomez LLP,0.49190142820589244
Nicolas Lofing PC,0.28786684572696686
Torrian Page Law,0.031147699803113937
Dyami Cardoza Law,0.36594326980412006
Kyle Miller Law,0.10634732502512634
Labeeb el-Malik Law,0.18522739759646356
Kaalim al-Galla LLP,0.3236744706518948
Sierra Tucker LLP,0.7754989124368876
Christopher Mckinney LLP,0.9722504769451916
Alisha Lattimer Law,0.15641323244199157
Jose Moreno PC,0.4288894669152796
Kali Bush LLP,0.7092882767319679
Robert London LLP,0.6164278404321522
Krista Hood PC,0.08561688079498708
Roshe Kromah PC,0.024947165045887232
Sundus al-Ghaffari LLP,0.9043481377884746
Jaabir al-Aslam LLP,0.13472637278027833
Emily Harkins Law,0.16555497562512755
Lori Arredondo PC,0.6574800631497055
Carly Holderman PC,0.8759099151939154
Kaitlin Houghton Law,0.9184795382898301
Samuel Gomez-Munoz LLP,0.727352328132838
Dakota Dale PC,0.2702228585258126
Dillon Palmier PC,0.3306353762745857
Jeremie Klein Law,0.43645479693077505
Drake Huerta PC,0.1978113641962409
Raaida el-Farha Law,0.045508989598602057
Destiney Parham PC,0.8381305197253823
Deyanira Trujillo Law,0.666841498343274
Kendall Kamper PC,0.46987520065158606
Valentina Lamping LLP,0.1987034019548446
Donovon White Law,0.042251069797202945
Manuel Finley PC,0.243245514575392
Toan Stevens PC,0.846827449509874
Ji Yang PC,0.5208833520300686
Kelly Villanueva Law,0.14594799117185175
Andrew Vue Law,0.8213288420811296
Constance Anna Tapia Roblero Law,0.9486915995366871
Cesar Stein PC,0.21245559048838913
Christopher Essig LLP,0.07840335532091558
Cheyenne Hoffmann LLP,0.08968790993094444
Laurence Lopez PC,0.20506079494953156
Regal Ortiz LLP,0.43950186390429735
Jennifer Hinton LLP,0.4458783541340381
Ryan Sun Law,0.8548381787259132
Nasreen el-Nouri Law,0.45406984188593924
Kevin Gonzalez-Millan PC,0.3340648952871561
Umaima el-Farah PC,0.5130644554737955
Raymundo Matamoros PC,0.7191904620267451
Keaton Mallikarjun LLP,0.7977788229472935
Elizabeth Slogar PC,0.5799801959656179
Abdus Salam el-Fawaz PC,0.6613928179722279
Rayhan Okoye PC,0.6271975862327963
Hanyuan Anderson Law,0.6702452911995351
David Chen LLP,0.6382579491473734
Aaron Keliiholokai LLP,0.03702327935025096
Gilbert Olguin LLP,0.7705570957623422
Khunica Morales PC,0.9968265481293201
Azlan Darnell Anderson LLP,0.4555409599561244
Baheej al-Allee LLP,0.4018257975112647
Tyra Hartmann Law,0.5179481171071529
Lyndsi Graves-Stowe LLP,0.5162225996609777
Dominique Richards Law,0.546218840405345
Amagia Little Law,0.009066427825018764
Aaisha el-Shah PC,0.04234926635399461
Jumail el-Lodi PC,0.7111557845491916
Bryce Gatz LLP,0.2998781348578632
Kevin Jarvis PC,0.1759953263681382
Corey Rohrkaste PC,0.3541976425331086
Naazim el-Aboud LLP,0.9818525798618793
Nermin Weber LLP,0.9778453309554607
Carlos Madrid Law,0.7110352972522378
Lauren Rivard LLP,0.475114164641127
Ghaaziya al-Yousuf LLP,0.8940255250781775
Makenna Marin PC,0.45880536758340895
Ricardo Munoz Law,0.6726063149981201
Jemal Byas PC,0.5188109383452684
Alvin Olguin PC,0.3314350200816989
Bruce London Law,0.47221948439255357
Matthew Rosenbaum PC,0.4915588083676994
Daif al-Adel Law,0.23811093787662685
Ramiro Villafan Law,0.018783020321279764
Tyreece Bekele Law,0.8572185842785984
Christian Rodriguez Law,0.6353711851406842
Mariah Elie PC,0.5903176050633192
Bryan Romero Law,0.7810469870455563
Joseph Young LLP,0.6900738175027072
Esther Vavra PC,0.5316941549535841
Javen Greene PC,0.9682584840338677
Freddie Tapia-Sanchez PC,0.042189238127321005
Elijah Boone LLP,0.6747371582314372
Matthew Martes LLP,0.005330957705155015
Vishnu Nguyen LLP,0.25577944749966264
Valentina Songer LLP,0.7836033417843282
William Chavez PC,0.7437627702020109
Jocelyne Larry Najera PC,0.4157162553165108
Shaqeeqa al-Aman LLP,0.7877343064174056
Guadalupe Espino LLP,0.6505333473905921
Melanie Zou LLP,0.7125992516521364
Sharlene Quach Law,0.1003599432297051
Nicholas Beck Law,0.7369313619565219
Shahaada el-Ghanem PC,0.04820947372354567
Najeema al-Kaba PC,0.7536698877811432
Tanner Moreno Huizar LLP,0.25671551865525544
Kaitlyn Voss PC,0.4337253635749221
Dylan Hetterley Law,0.5600167415104806
Antaiaja Handy PC,0.2632717133965343
Lashaun Funk Law,0.8886390042025596
Alexander Fiore Law,0.028872574446722865
Mayhan Vann Law,0.15627344814129174
Amber Adams Law,0.7191725950688124
Kree Lee PC,0.04670398123562336
Shuraih el-Nasrallah PC,0.35752925416454673
Tyson Skof LLP,0.41433709650300443
Nooriyya el-Hasen Law,0.31290001422166824
Farhiya Wadsworth PC,0.8523752582259476
Michelle Singh Law,0.7788129081018269
Briana Smith PC,0.7942324825562537
Abdul Kareem el-Ebrahimi PC,0.3661386612802744
Robert Gamino LLP,0.7947642160579562
Brooke Valdez Law,0.7276211064308882
Alfred Givens LLP,0.19205950712785125
Sarah Baker Law,0.2713866522535682
Abdul Hameed al-Asmar Law,0.9665689771063626
Tatyana Maloy Law,0.027676093159243464
Manuel Perez LLP,0.7440378139726818
Serenity Quintana PC,0.614543167874217
Reiana Haltom LLP,0.37509399675764143
Dorothy Abdullah PC,0.5369036814663559
Mitchell Gerber PC,0.41342936432920396
Neil Cook PC,0.5384826136287302
Minnah el-Nawaz Law,0.17869236087426543
Daniel Gonzalez Law,0.11537182657048106
Randi Hill PC,0.4440332369413227
Xai Bishop Law,0.7914835617411882
Asiya Collins Law,0.9430311114992946
Benjamin Hilton PC,0.9514545598067343
Amaani al-Azad Law,0.33461409504525363
Sinamen Coulter PC,0.7182182022370398
Miranda Haltom PC,0.040080270264297724
Sierra Gates LLP,0.3846273550298065
Asia Smith PC,0.05465754773467779
Shalynn Garcia LLP,0.7480767485685647
Melisa Pacheco LLP,0.4034320537466556
Jimena Guevara PC,0.39452850189991295
Isaac Lopez PC,0.4651570108253509
Marc Jefferson Law,0.4538121873047203
Hannah Sonnier-Freelon Law,0.5406526229344308
Arys Nichols PC,0.5767820701003075
Je Young Pham LLP,0.46952458866871893
Raafi al-Sayed LLP,0.88993388437666
Dominique Maize-Walker Law,0.7512190481647849
Quade Brassea LLP,0.39678151928819716
Leia Mcclure LLP,0.7496694263536483
Awni el-Abdalla LLP,0.45815068832598627
Aleczander Carter PC,0.8886910967994481
Lars Power Law,0.8349163813982159
Najeeba al-Zafar LLP,0.11466354690492153
Brandon An Law,0.42796743917278945
Samantha Gibbs PC,0.3740804921835661
Kaylyn Marsh Law,0.9420663726050407
Mudrik al-Shaban Law,0.9658865192905068
Sitaara al-Aslam PC,0.42547167744487524
Jose Marquez LLP,0.7728947459254414
Janelle Alvarez-Martinon LLP,0.8383879789616913
Akacia Vazquez PC,0.9153854555916041
Warren Park Law,0.9264055523090065
Leday Thomas Law,0.7380302441306412
Jonathan Laulu PC,0.2419344405643642
Denny Chen LLP,0.10715728881768882
Shomari Odeki LLP,0.27813631668686867
Luisa Martinez Corral Law,0.664878835901618
Charles Andresen PC,0.7686077412217855
Haifaaa el-Yousif Law,0.09202616568654776
Kristine Arguello PC,0.25421796133741736
Sitaara el-Salama LLP,0.08629181096330285
Brittney Mcgoveran LLP,0.36488888412714005
Liad Ailes LLP,0.04473581328056753
Hannah Treadwell LLP,0.13876568316482008
Eduardo Munoz LLP,0.2055331850424409
Marcus Griffith LLP,0.5112454064656049
Benjamin Lewis Law,0.07850177632644773
Malik Ghebre LLP,0.4029307959135622
Ashley Ashby LLP,0.5022426086943597
Michael Utke LLP,0.21770214731805027
Richard Davies PC,0.4423166993074119
Tashina Tindle LLP,0.5109478894155473
Nancy Segovia-Gallegos Law,0.275718305259943
Yusri el-Yassin Law,0.5123063137289137
Connor Mctighe PC,0.9741814928129315
Miguel Dorrance LLP,0.14795044693164527
Shaheera el-Begum Law,0.8034195166546851
Frank Brown LLP,0.6966279277112335
Alexandria Bertaud Law,0.6792178456671536
Andrea Espinoza LLP,0.9358530617319047
Crue Carter PC,0.9878280151169747
Sana Kimoto PC,0.9821514682844281
Saleem el-Tariq Law,0.31882469076663256
Keyana Allen PC,0.4631042005494237
Tiana Joseph Law,0.565326030831784
Jared Silos PC,0.238468213705346
Hilda Olivas LLP,0.756111545721069
Haaritha al-Nasrallah LLP,0.3514280733652413
Levi Stoltenberg PC,0.7408016079571098
Shaoni Welch LLP,0.6961693884804845
Robert Brunner Law,0.7698292818386108
Jessica Eisold Law,0.16300507681444287
Alex Foster PC,0.07631266978569329
Manuelito Williams PC,0.37633167672902346
Daniel Garcia Navarro LLP,0.04442506190389395
Karros Karsanbhai LLP,0.8675342833157629
Alicia Harris PC,0.030602573417127132
Da'Nell Tryels PC,0.8087226275820285
Deonte Cole PC,0.015298821497708559
Alexandra Jarmond PC,0.08467559656128287
Edwin Barger PC,0.4082802743650973
Safaaa al-Rasheed Law,0.5333882048726082
Ethan Samson Law,0.43873028666712344
Hannah Warszawski Law,0.5787589182145894
Portia Stiens LLP,0.4701581415720284
Tiffany Jeong PC,0.20756757748313248
Charly Tibbetts LLP,0.9452105073723942
Pornporm Brugman Law,0.004965993110090494
Naasiruddeen al-Abdoo Law,0.2933519317302853
Daniele Marcon LLP,0.7245428368914872
Marissa Navajo LLP,0.5894036460667849
Miranda Bradley LLP,0.05956553271971643
Se Ra Perez Law,0.10488008800894022
Haleigh Schulz Law,0.10807847301475704
Michael Laner Law,0.27676103077828884
Ryan Costa LLP,0.27790316892787814
Taylor Cooper Law,0.7328862794674933
Aireus Arriaza PC,0.9817351771052927
Andrea Taylor PC,0.7748282919637859
Daniel Henry Law,0.9740292490459979
Xavier Keelick Law,0.44370316714048386
Aiyana Vanstraten PC,0.7690990541595966
Lisa Casey LLP,0.6549420971423388
Katelyn Bugaring PC,0.5122546048369259
Jose Brookfield Law,0.8487409164663404
Faaris al-Kalil Law,0.05785753903910518
Joshua Landry LLP,0.2015786620322615
Lydia Palmer LLP,0.14785229810513556
Muneeb el-Nazir Law,0.681129373377189
Ian Martinez LLP,0.13205019966699183
Joice La Law,0.7504168045707047
Phurba Kim Law,0.017896574223414063
Young Kim PC,0.41989133111201227
Khyre Mcleod Law,0.9341624979861081
Bernard Colon Law,0.5066347166430205
Chinguun Winklmann LLP,0.671654523583129
Olivet Bear-Flores Law,0.7010550068225712
Brian Shemel Law,0.5301933996379375
Debanhi Ortiz Zubiate Law,0.6979871892835945
Nhi Lierman LLP,0.8132123739924282
Kelsi Bush Law,0.4665164342150092
Zachary Cunningham PC,0.4728966951370239
De'Jane Meyer LLP,0.6239426659885794
Imtinaan el-Riaz PC,0.6891242223791778
Derrick Banks PC,0.9084250624291599
Devon Moore LLP,0.8006911184638739
Sarah Keys PC,0.6714418767951429
Samuel Sanchez-Mata PC,0.5217598814051598
Condeladio Vincent Law,0.35504780407063663
Sharee Diaz LLP,0.8649419010616839
Markel Scott Law,0.18038992304354906
Jennifer Lamichhane PC,0.8773044350091368
Davidray Rosencrans PC,0.8601483134552836
Nathan Batorgil LLP,0.66808319091796875
Symone Dunson LLP,0.7716595560777932
Dhaafir el-Dib LLP,0.8596184342168272
John Gardner Law,0.9842793301213533
Waajida el-Maroun PC,0.5955885874573141
Justin Clancy LLP,0.5312314191833138
Husni al-Zakaria PC,0.49269006331451237
Andr`E Davis LLP,0.868394217453897
Azeeza al-Kamali PC,0.9386800639331341
Ismael Ericiga LLP,0.07252241624519229
Patrick Sala PC,0.4161484590731561
Phoenix Rodriguez LLP,0.36668815393932164
Jada James Law,0.09495230880565941
Shakoora al-Obeid LLP,0.6365762634668499
Bailee Gagnon PC,0.01154543343000114
Emily Kobasick LLP,0.8366899648681283
Miqdaad al-Younis PC,0.7443843025248498
Jabril Loneeagle PC,0.28945937659591436
Alysh Oswalt-Naasz LLP,0.5867162197828293
Susie Matheson Law,0.43595235887914896
Rayyana al-Hanif PC,0.9216791773214936
Alex Del Toro Law,0.5699804842006415
Esther Jiang Law,0.6541479779407382
Izza al-Fahmy Law,0.4686577005777508
Sean Clinkingbeard LLP,0.6040033327881247
Emonie Smith LLP,0.06943416176363826
Jacob Lazechko Law,0.3006456403527409
Gene Gebre-Michael PC,0.4727691987063736
Natasha Reilly LLP,0.30507441936060786
Jamie Bennett PC,0.4487955211661756
Stuart Domson LLP,0.15039878571406007
Maykala Celedon-Garcia Law,0.65685681020841
Ryan Fitzgerald Law,0.08441397035494447
Justin Romero PC,0.41373288119211793
Kyree Wilson LLP,0.1197442333213985
Saalih el-Kazi Law,0.6673805573955178
Luis Guzman Law,0.39885410852730274
Landon Rustemeyer LLP,0.3592751962132752
Timothy Hicks Law,0.8973265865352005
Ciara Logan Law,0.46414275257848203
Fawzi el-Ansari LLP,0.5421563829295337
Vanessa Leyba Law,0.4243144579231739
Desana Speight LLP,0.6061287105549127
Abdullah al-Soltani LLP,0.2876384735573083
Rafeeq al-Sultan Law,0.10653060278855264
Juanito Ochoa LLP,0.46785206627100706
Armand Awolaja LLP,0.08287075674161315
Wyatt Nia PC,0.3459539122413844
Wyona White Law,0.20064031588844955
Darius Emrich PC,0.8556191201787442
Henry Wu Zheng Law,0.3238909568171948
Alicia Kasvin PC,0.14725448284298182
Hanoona el-Abdi PC,0.7304921862669289
Faadi el-Samaan LLP,0.6307995009701699
Zoe Rose Martinez Ortiz Law,0.7298735184594989
Christian Vue Law,0.030413015745580196
John Lovio PC,0.2327681048773229
Baheej al-Ismail Law,0.6233699910808355
Matthew Guist PC,0.5106092789210379
Logan Waller PC,0.7589474644046277
Darian Danner LLP,0.32794533437117934
Naadiya al-Ayub PC,0.7375841783359647
Dasinique St Clair Law,0.23292934149503708
Sultan el-Sabet LLP,0.26673033041879535
Sabri el-Ali PC,0.6874480054248124
Zarqaa el-Farra PC,0.8086383105255663
German Tanner PC,0.6796301081776619
Benjamin Sorrentino PC,0.409628520719707
Seth Le LLP,0.31629232433624566
Jamice Pacheco Law,0.9029593509621918
Kyle Lucas PC,0.701186205027625
Kanchana Yang PC,0.3960652577225119
Keiley Mrazik PC,0.4563548150472343
Dominique Sanchez PC,0.6570474661421031
Baylee Owens-Wait Law,0.6848606711719185
Tara Montoya PC,0.31353899696841836
Henry Mohammed-Keys PC,0.5019948277622461
Carrie Moy Law,0.28512031119316816
Kelly Acosta Law,0.5421001168433577
Kaiela Jennings LLP,0.897129028569907
Tamara Miller PC,0.8082120129838586
Matthew Brostrom LLP,0.13653563638217747
Shane Dihle PC,0.03395675728097558
Najwa al-Dia LLP,0.7124951125588268
Shakevya Boden-Brown Law,0.06429882813245058
Ryan Tran PC,0.37924731569364667
Al Lyn Haliburton LLP,0.13971077068708837
Alexander Costelo LLP,0.7872140335384756
Dustin Smith Law,0.10495947091840208
Doralee Palacios LLP,0.22347101266495883
Melissa Martinez Llamas PC,0.2455228848848492
Kevin Daughtry Law,0.9011455771978945
Chantel Gast Law,0.29224676941521466
Brittni Day LLP,0.5182736054994166
Joshua Brink LLP,0.8013331168331206
Cody Nelson LLP,0.4445594297721982
Senait Wise PC,0.595657421508804
Herman Whitetree LLP,0.5371914396528155
Nawf al-Waheed LLP,0.6699500200338662
Peter Tolbert Law,0.05037935031577945
Lilly Lee Law,0.7325247442349792
Lee Min PC,0.7013076818548143
Zaidaan el-Samaan PC,0.4707310844678432
Haile Perez LLP,0.18532946449704468
Tyler Lagasca Law,0.8923613040242344
Cherokee Lytle PC,0.868844028795138
Briana Manhertz Law,0.4512919164262712
Alex Aguirre Law,0.28665940486826
Elle Campbell LLP,0.7441660219337791
Arnulfo Castro LLP,0.9745012768544257
Latesha Clark LLP,0.4849453039932996
Caitlin Aguirre Law,0.483816692372784
Mumtaaza el-Basher Law,0.4702060513664037
Tommie Marez Law,0.28678838605992496
Misfar el-Begum Law,0.8891502835322171
Nusaiba el-Sylla Law,0.40291121788322926
Grant Gerk LLP,0.7185012283734977
Bryan Chacon Law,0.6037304115016013
Connie Ngo LLP,0.6373704015277326
Johney Pruitt PC,0.17338699172250926
Tracy Prince PC,0.1493205539882183
Denise Zou Law,0.32011919282376766
Grace Van Law,0.27019862993620336
Florence Castillon LLP,0.16195356589742005
Kara Iron Cloud PC,0.5262296900618821
Alejandra Montoya-Martinez PC,0.24433341203257442
Najeema al-Naqvi PC,0.5932508241385221
Chantal Robles Avalos Law,0.48273548064753413
Jose Bryant Law,0.3210736431647092
John Fries Law,0.5109172277152538
Sawyer Dauenhauer Law,0.425513309892267
Kevin Baca LLP,0.24196732230484486
Alexander Williams Law,0.8374169368762523
Khaalida al-Aboud LLP,0.17282844590954483
Cheyenne Miner LLP,0.7804039448965341
Jaden Sherman LLP,0.20952407084405422
Lisandra Barcenas-Ibarra Law,0.6273928517475724
Jasmine Macegan LLP,0.17917919345200062
Hamsa al-Salam PC,0.3252425300888717
Robin Walker Law,0.2320664464496076
Jaarallah al-Jalali PC,0.12552186800166965
Ashleigh Mayer LLP,0.9984260301571339
Tiffany Wong Law,0.1630348628386855
Marquinn Lawrence-Cooper Law,0.25058051687665284
John Porambo PC,0.6189949091058224
Huong Lee LLP,0.44438228313811123
Khamel Sharpley Law,0.3921787100844085
Destiny Johnson Law,0.6802032229024917
Gabriela Rodriguez PC,0.5385632768739015
Raaji el-Beydoun LLP,0.43142401752993464
William Wied PC,0.021151946857571602
Rahmel Harden Law,0.6423295107670128
Salaah al-Ahmadi Law,0.8046800426673144
Juan Siepker LLP,0.5031483250204474
Gabriela Ponce Law,0.037822440499439836
Kimberly Lucero PC,0.6760756568983197
Taahir al-Moghaddam PC,0.9452683259733021
Ariel Yoshimura PC,0.8150566108524799
Zaahir el-Ozer LLP,0.5903911790810525
Anas al-Hamdan PC,0.2139641789253801
Patrick Lehi PC,0.3318530507385731
Saalim el-Tariq Law,0.5184632861055434
Mutee'a el-Shahin PC,0.6781233900692314
Zuhaira el-Jalali LLP,0.21067167608998716
Filipe Castro LLP,0.37852451973594725
Deeplata O'Reilly PC,0.1703632262069732
Justine Lozano Miramontes PC,0.4772930881008506
Thu Gjurekovec LLP,0.47955390019342303
Jeffrey Voparil PC,0.9396628874819726
Davielna Lucero PC,0.43967250315472484
Jordan-Eugene Peters Law,0.8470221443567425
Ramzi al-Akram Law,0.7670630204956979
Christopher Pineda Law,0.9269981677643955
Andres Contreras Law,0.7731943179387599
Junaid al-Ghaffari LLP,0.3144802504684776
Tyler Dorantes Law,0.058280608616769314
Leah Gray PC,0.9721539858728647
Kaley Maison LLP,0.06205227295868099
William Hoffmann LLP,0.4280520649626851
Jessica Lehi Law,0.1316118985414505
Abysolome Berrien Law,0.034043392864987254
Abdiel Lopez PC,0.35492752864956856
Ebany Clark Law,0.8783552169334143
Paris Gleason LLP,0.5111643825657666
Sultana al-Asmar LLP,0.6752210666891187
David Orta PC,0.34349009837023914
Ashqar al-Meer LLP,0.9014185657724738
Jaylon Rodrigues LLP,0.8094143422786146
Arron Durgan PC,0.9354587136767805
Jose Valenzuela LLP,0.5245885513722897
Joseph Greaves LLP,0.13261844567023218
Charles Shows Law,0.3440008566249162
Idrees al-Mirza Law,0.2596111891325563
Dhaakir al-Yousif PC,0.4867982934229076
Stephine Brown Law,0.5741167205851525
Wesley Thompson LLP,0.7667980585247278
Deshaun Swai PC,0.2447906443849206
Brandon Ashlock Law,0.5944006636273116
Saahir al-Hosseini LLP,0.20422291127033532
Javier Owens LLP,0.43628435651771724
Cu Chulainn Pham Law,0.13339287298731506
Taylor Cole PC,0.02765005291439593
Brenda Nagengast LLP,0.05893519497476518
Bao-Tran Lewis LLP,0.9513339959084988
Sylvia Nguyen LLP,0.7791490869130939
Kathryn Willeke PC,0.4347629591356963
De'Vonta Mcgee Law,0.5527035354170948
Mikhail Happ LLP,0.7205608088988811
Ashley Esquinca LLP,0.4775024512782693
Abdul Jaleel el-Abraham PC,0.9199019833467901
Cody Williams Law,0.2038745260797441
Melissa Mandell Law,0.06150018726475537
Danial Mackay PC,0.566741141024977
Cassandra Austin PC,0.9535898100584745
Hadeel al-Jaber PC,0.2886022930033505
Brianna Roybal LLP,0.48913814569823444
Samuel Yang PC,0.5335990914609283
Holly Powers LLP,0.906510405940935
Tuhfa al-Baten Law,0.07395874592475593
Christiana Garcia LLP,0.09883863618597388
Nicholas Trujillo PC,0.5309245032258332
Sourinthone Fitzsimmons Law,0.08744745887815952
Sharaf el-Sultan Law,0.9152735979296267
Sara Hawthorne Law,0.6009892392903566
Dylan Mauzy Law,0.3128706426359713
Robert Miera LLP,0.9606681980658323
Kylon Powell PC,0.3118934337981045
Joshua Mathieu Law,0.09839467913843691
Brandon Odegard PC,0.8088665646500885
Sheik Ele Dupont Law,0.837490321137011
Samuel Bang LLP,0.23136366275139153
Johnny Vongvichith LLP,0.3141787573695183
Perrin Dompier Law,0.7482857722789049
Nathan Meyer Law,0.3976560744922608
May Gorski PC,0.24629078852012753
Symone Jackson PC,0.920813825679943
Basheer al-Sulaiman PC,0.3485922641120851
Billy Lavassani PC,0.14467987092211843
Crystal Albert LLP,0.03482257016003132
Calandra Hill PC,0.5267416418064386
Yohana Anglin PC,0.5714367353357375
Cassandra Martinez LLP,0.19294282258488238
Keith Arbogast PC,0.8919247016310692
Tyler Miller Law,0.5859904934186488
Megan Pelton PC,0.9867848458234221
Jonah Weston LLP,0.32818424096331
Benjamin Duong Law,0.8494898122735322
Shaimaaa el-Shaheed PC,0.9201031997799873
Alaura Viruet LLP,0.14843314746394753
Matthew Nilson Law,0.34192381286993623
Madison Bennett Law,0.8088364498689771
Matthew Kailasam PC,0.5657371659763157
Dana Fisher Law,0.3961881792638451
Cody Tucker PC,0.589465314289555
Jesse Colvin PC,0.3070469154044986
Manuel Camacho Law,0.23492470430210233
Jiair Davis LLP,0.8232471810188144
Salaah al-Abed Law,0.9449861524626613
Wardi Desett PC,0.8862706921063364
Usaama el-Jan PC,0.27157845441251993
Molly Cullen PC,0.255028217099607
Carmen Rutledge Law,0.12782332114875317
Haafil al-Safar PC,0.6257034549489617
Darrin Riffel PC,0.6275493621360511
Candra Parker PC,0.9821805986575782
Najeeb el-Shafi LLP,0.47740998351946473
Faatin al-Siddique LLP,0.7517272559925914
Rachel Bauer Law,0.3557124121580273
Allegra Nakai Law,0.603615740314126
Summer Couch PC,0.9446671970654279
Dominick Hassan PC,0.9383733277209103
Jaymie Leigh Barr Law,0.12446585483849049
Jesse Brumfield Law,0.9508729078806937
Brittany Dominguez Ramirez LLP,0.25634266901761293
Elizardo Lucero LLP,0.9069762018043548
Braxton Bartell PC,0.6975683947093785
Joseph Fulcher PC,0.44392441981472075
Forrest Kucera PC,0.9796477449126542
Austin Aragon LLP,0.22617731429636478
Haaniya al-Rabbani LLP,0.4182939091697335
Tyler Cherry LLP,0.13495822087861598
Ashleigh Little LLP,0.5887723180931062
Christopher Krizmanich LLP,0.8807628992944956
Abasse Smith LLP,0.2082454883493483
Janae Azure LLP,0.721254229079932
Shannon Salaber LLP,0.2048251205123961
Emory Anderson Law,0.6106450608931482
Muslih al-Tamer PC,0.1464031042996794
Idraia Stevens Law,0.055259160697460175
Shelby Bolin PC,0.9050836565438658
Tre'Jon Thabit LLP,0.24167133937589824
Sadi el-Majid LLP,0.4139198078773916
Andrea Shea LLP,0.7540081136394292
Dylan Nguyen LLP,0.02824753476306796
Zachary Vigil Law,0.5730179597157985
Ca'Deejah Williams LLP,0.5467875057365745
Renita Harjo Law,0.006344042019918561
Nicholas Cacciatore LLP,0.054948142962530255
Joshua Atkinson PC,0.7792876472231001
Colton Moyer Law,0.49656135961413383
Tyler Gordon PC,0.23870958061888814
Aaron Guerra LLP,0.6016030188184232
Angela Sutro LLP,0.5160020827315748
Mutlaq el-Yasin PC,0.9794910980854183
Zulema Boyer Law,0.7933393504936248
Dean Esparza LLP,0.04297971446067095
Aranda Kennon LLP,0.7654939396306872
Akeylah Lamar PC,0.13852355629205704
Jaren Behr PC,0.8473974112421274
Majeeda el-Hussein LLP,0.3287020777352154
Khulan Nguyen Law,0.9847752985078841
Tyler Quirk PC,0.8676903049927205
Zachary Bieser Law,0.4978358466178179
Jose Borboa LLP,0.2775514095555991
Venise Nelson PC,0.7402277458459139
Wyatt Dedios Law,0.02074340428225696
Rachel Ding LLP,0.4258368874434382
Tracy Najar LLP,0.31804009014740586
Kolleen Soule PC,0.5366521617397666
Dylan Cabral LLP,0.9950642441399395
Shafinity Blackmon Law,0.7492436780594289
Gabriel Pacheco Law,0.9323712300974876
Victor Albornoz LLP,0.1901560234837234
Andrew Potman Law,0.49198489310219884
Alyssa Keirns LLP,0.2854196662083268
Kalia Aochi Law,0.6578108440153301
John Lenahan Law,0.6756633629556745
Kelly Tall Bull LLP,0.2875404334627092
Humaidaan el-Rauf LLP,0.6451479520183057
